c,#,Game,Release date,Price,Score rank(Userscore / Metascore),Price X Owners,Owners,plus minus,Players,plus minus,Avg Playtime,Median Playtime
1,48,Starbound,7/22/2016,$14.99,77% (90%/81%),"40,105,100","2,675,457","±46,574","2,591,095","±45,839",52:41:00,25:10:00
1,4,Stardew Valley,2/26/2016,$14.99,98% (97%/88%),"31,582,731","2,106,920","±41,362","1,984,755","±40,152",45:09:00,24:58:00
1,21,Darkest Dungeon,1/19/2016,$24.99,67% (87%/84%),"27,433,447","1,097,777","±29,897","1,043,742","±29,154",26:17:00,12:25:00
1,1145,Defy Gravity,3/18/2016,$1.99,64% (86%),"1,900,241","954,895","±27,889","615,951","±22,409",1:54:00,0:51:00
1,29,Grim Dawn,2/25/2016,$24.99,87% (93%/83%),"19,934,623","797,704","±25,495","722,739","±24,270",58:01:00,17:39:00
1,355,Out There Somewhere,3/14/2016,$1.99,87% (93%),"1,400,849","703,944","±23,953","432,490","±18,782",2:24:00,1:36:00
1,438,Polarity,7/15/2016,$9.99,54% (82%),"5,662,622","566,829","±21,498","328,479","±16,370",2:09:00,1:18:00
1,149,Punch Club,1/8/2016,$9.99,52% (81%/73%),"4,602,213","460,682","±19,384","355,176","±17,022",8:17:00,5:34:00
1,372,The Hat Man: Shadow Ward,6/10/2016,$1.99,30% (70%),"869,580","436,975","±18,879","277,648","±15,052",2:21:00,1:34:00
1,466,The Howler,4/21/2016,$1.99,49% (80%),"840,679","422,452","±18,563","265,474","±14,718",3:05:00,2:51:00
1,343,Saviors,5/6/2016,$1.99,61% (85%),"779,477","391,697","±17,875","237,282","±13,915",3:27:00,3:22:00
1,24,Hyper Light Drifter,3/31/2016,$19.99,90% (94%/84%),"6,378,429","319,081","±16,135","273,163","±14,930",8:01:00,4:19:00
1,861,Minion Masters,12/2/2016,$19.99,67% (87%),"6,365,636","318,441","±16,119","126,650","±10,168",4:20:00,3:07:00
1,246,Tharsis,1/11/2016,$14.99,29% (69%/61%),"4,478,892","298,792","±15,614","99,953","±9,033",3:19:00,1:43:00
1,1456,Flesh Eaters,5/3/2016,$1.99,45% (78%),"551,670","277,221","±15,040","145,231","±10,888",2:54:00,2:36:00
1,844,Planet Explorers,11/8/2016,$24.99,35% (73%),"6,853,033","274,231","±14,959","258,853","±14,534",13:24:00,3:20:00
1,1105,Lost Castle,8/31/2016,$9.99,87% (93%),"2,662,755","266,542","±14,748","257,358","±14,492",18:41:00,11:46:00
1,96,Reigns,8/11/2016,$2.99,83% (92%/77%),"724,800","242,408","±14,065","223,186","±13,496",3:20:00,2:03:00
1,635,Sheltered,3/15/2016,$14.99,49% (80%),"3,444,807","229,807","±13,694","169,792","±11,772",11:16:00,4:25:00
1,1214,Gun Rocket,5/2/2016,$0.49,37% (74%),"108,315","221,050","±13,431","142,241","±10,775",5:10:00,3:31:00
1,933,Unforgiving Trials: The Darkest Crusade,6/15/2016,$1.99,N/A (N/A),"388,038","194,994","±12,615","116,185","±9,739",4:11:00,4:20:00
1,703,Osiris: New Dawn,9/28/2016,$24.99,43% (77%),"4,739,478","189,655","±12,441","179,403","±12,101",9:26:00,6:00:00
1,842,Roguelands,6/13/2016,$9.99,61% (85%),"1,871,187","187,306","±12,364","142,241","±10,775",14:42:00,4:50:00
1,20,Salt and Sanctuary,5/17/2016,$17.99,83% (92%/84%),"3,273,568","181,966","±12,187","158,900","±11,388",12:37:00,5:08:00
1,1128,The Chosen RPG,2/4/2016,$1.99,29% (69%),"356,588","179,190","±12,093","100,167","±9,043",3:46:00,3:28:00
1,1139,Sins Of The Demon,5/13/2016,$1.99,64% (86%),"306,436","153,988","±11,211","79,450","±8,054",3:43:00,3:15:00
1,94,Beholder,11/9/2016,$9.99,83% (92%/77%),"1,425,253","142,668","±10,791","123,019","±10,021",5:04:00,3:24:00
1,1203,Princess.Loot.Pixel.Again,4/15/2016,$4.99,41% (76%),"711,913","142,668","±10,791","63,005","±7,172",4:06:00,4:33:00
1,958,Learn Japanese To Survive - Hiragana Battle,2/16/2016,$6.99,95% (96%),"967,395","138,397","±10,629","79,450","±8,054",2:15:00,0:41:00
1,1146,Vengeance Road,6/17/2016,$1.99,39% (75%),"255,434","128,359","±10,236","64,713","±7,268",2:47:00,3:03:00
1,720,HomeBehind,6/2/2016,$5.99,77% (90%),"738,166","123,233","±10,030","117,680","±9,801",13:52:00,9:03:00
1,5,ICEY,11/17/2016,$10.99,90% (94%/88%),"1,295,655","117,894","±9,810","108,496","±9,411",3:53:00,3:00:00
1,739,Invasion: Brain Craving,6/22/2016,$0.99,7% (45%),"116,291","117,466","±9,792","73,470","±7,745",3:40:00,3:33:00
1,920,Plantera,1/28/2016,$2.99,70% (88%),"350,586","117,253","±9,783","82,440","±8,204",12:32:00,3:15:00
1,680,Spaceport Hope,4/15/2016,$1.99,52% (81%),"229,509","115,331","±9,703","69,412","±7,528",3:22:00,3:11:00
1,690,Divinity: Original Sin 2,9/15/2016,$44.99,93% (95%),"5,025,383","111,700","±9,549","92,478","±8,689",10:27:00,5:53:00
1,931,Space Pilgrim Episode Two: Epsilon Indi,1/8/2016,$1.99,67% (87%),"217,183","109,137","±9,439","78,382","±7,999",4:18:00,3:30:00
1,198,WASTED,6/7/2016,$12.99,56% (83%/68%),"1,356,650","104,438","±9,233","43,356","±5,949",5:09:00,2:00:00
1,1152,Squirbs,1/6/2016,$4.99,25% (66%),"520,083","104,225","±9,224","69,198","±7,516",2:58:00,3:08:00
1,664,EvilMaze,6/17/2016,$1.59,43% (77%),"160,623","101,021","±9,081","75,819","±7,867",4:40:00,4:48:00
1,854,Shoppe Keep,5/20/2016,$9.99,49% (80%),"1,004,934","100,594","±9,062","95,895","±8,848",6:15:00,3:40:00
1,40,The Banner Saga 2,4/19/2016,$19.99,80% (91%/82%),"1,887,056","94,400","±8,778","63,859","±7,220",13:22:00,9:33:00
1,945,Elements II: Hearts of Light,4/1/2016,$4.99,N/A (N/A),"471,056","94,400","±8,778","57,025","±6,823",3:46:00,3:32:00
1,615,Necropolis,7/1/2016,$29.99,30% (70%),"2,824,668","94,187","±8,769","87,779","±8,465",7:49:00,5:26:00
1,124,Epistory - Typing Chronicle,3/30/2016,$14.99,98% (97%/75%),"1,408,655","93,973","±8,759","43,783","±5,979",3:20:00,1:45:00
1,736,Outrage,4/6/2016,$3.99,N/A (N/A),"368,987","92,478","±8,689","52,326","±6,536",3:31:00,3:31:00
1,709,Purgatory,6/22/2016,$0.99,32% (71%),"87,748","88,634","±8,506","40,793","±5,771",2:56:00,2:58:00
1,795,Nebula Online,11/3/2016,$4.99,4% (38%),"420,966","84,362","±8,299","46,346","±6,151",4:37:00,5:35:00
1,1441,Era: The Fantasy Settlement Sim,2/26/2016,$5.99,N/A (N/A),"500,213","83,508","±8,257","42,715","±5,905",2:12:00,2:40:00
1,898,Solstice,3/23/2016,$19.99,N/A (N/A),"1,618,091","80,945","±8,129","10,892","±2,982",2:18:00,1:43:00
1,890,Asteroid Bounty Hunter,2/24/2016,$2.99,16% (58%),"240,109","80,304","±8,097","37,589","±5,540",3:46:00,3:54:00
1,1093,Fragmented,4/26/2016,$9.99,13% (55%),"755,304","75,606","±7,856","45,064","±6,066",4:47:00,1:26:00
1,1103,Calcu-Late,3/18/2016,$0.99,N/A (N/A),"74,638","75,392","±7,845","42,501","±5,891",3:49:00,3:32:00
1,870,Grind Zones,7/19/2016,$4.99,15% (57%),"373,007","74,751","±7,812","38,871","±5,633",3:04:00,3:11:00
1,136,Neon Chrome,4/28/2016,$14.99,93% (95%/74%),"1,114,117","74,324","±7,789","23,707","±4,399",5:30:00,2:15:00
1,802,Starward Rogue,1/22/2016,$2.99,98% (97%),"219,035","73,256","±7,733","20,503","±4,091",5:42:00,1:24:00
1,872,LiEat,2/25/2016,$2.09,95% (96%),"151,767","72,616","±7,699","41,006","±5,786",2:49:00,1:52:00
1,183,Sorcery! Parts 1 & 2,2/2/2016,$9.99,61% (85%/69%),"723,296","72,402","±7,688","25,415","±4,555",4:50:00,1:33:00
1,160,Halcyon 6: Starbase Commander,9/8/2016,$19.99,47% (79%/72%),"1,361,939","68,131","±7,458","61,083","±7,062",10:35:00,6:05:00
1,919,Tower Unite,4/8/2016,$14.99,59% (84%),"986,057","65,781","±7,328","61,723","±7,099",21:54:00,6:48:00
1,268,Dinocide,1/21/2016,$9.99,N/A (N/A/51%),"593,146","59,374","±6,962","16,872","±3,711",2:44:00,2:42:00
1,1018,Survive in Space,5/20/2016,$4.99,N/A (N/A),"295,208","59,160","±6,950","26,910","±4,687",3:27:00,3:30:00
1,926,The Deed: Dynasty,5/10/2016,$2.99,64% (86%),"171,781","57,452","±6,849","37,589","±5,540",4:25:00,3:04:00
1,715,Death Road to Canada,7/21/2016,$14.99,90% (94%),"851,597","56,811","±6,810","51,685","±6,496",9:37:00,4:29:00
1,237,Moon Hunters,3/10/2016,$14.99,49% (80%/62%),"825,979","55,102","±6,707","42,501","±5,891",5:03:00,2:48:00
1,1275,The Adventures of Tree,3/1/2016,$2.74,N/A (N/A),"144,543","52,753","±6,563","37,376","±5,524",7:03:00,6:08:00
1,258,Shattered Skies,7/21/2016,$19.99,7% (44%/56%),"1,037,461","51,899","±6,509","34,813","±5,331",30:34:00,8:53:00
1,896,Tales Across Time,4/18/2016,$2.99,N/A (N/A),"150,068","50,190","±6,401","7,048","±2,399",4:02:00,3:41:00
1,81,Crashlands,1/21/2016,$14.99,77% (90%/78%),"713,929","47,627","±6,236","45,064","±6,066",15:12:00,6:35:00
1,713,Dungeon Souls,12/2/2016,$12.99,67% (87%),"610,361","46,987","±6,194","42,288","±5,876",10:34:00,3:49:00
1,1347,Zombie Playgroundâ„¢,10/31/2016,$9.99,17% (59%),"460,859","46,132","±6,137","12,601","±3,207",0:34:00,0:15:00
1,1259,Tempest,8/22/2016,$14.99,34% (72%),"675,509","45,064","±6,066","38,016","±5,571",5:54:00,2:05:00
1,792,Crea,6/9/2016,$14.99,45% (78%),"669,109","44,637","±6,037","41,861","±5,846",14:10:00,7:56:00
1,1109,Gloria Victis,6/9/2016,$19.99,23% (65%),"888,036","44,424","±6,022","41,647","±5,831",24:26:00,4:36:00
1,811,Guardian's Oath,9/28/2016,$1.99,N/A (N/A),"87,978","44,210","±6,008","2,349","±1,385",0:14:00,0:13:00
1,764,Eisenwald: Blood of November,11/1/2016,$8.99,22% (64%),"391,685","43,569","±5,964","7,902","±2,540",5:28:00,2:19:00
1,807,Space Pirates and Zombies 2,5/17/2016,$19.99,56% (83%),"862,409","43,142","±5,935","40,366","±5,741",16:52:00,11:32:00
1,975,Wolcen: Lords of Mayhem,3/24/2016,$19.99,47% (79%),"849,595","42,501","±5,891","37,803","±5,555",2:31:00,1:23:00
1,987,Suits: A Business RPG,1/5/2016,$0.99,73% (89%),"41,442","41,861","±5,846","27,124","±4,706",2:37:00,1:54:00
1,142,The Curious Expedition,9/2/2016,$14.99,73% (89%/74%),"582,676","38,871","±5,633","36,521","±5,460",7:10:00,3:35:00
1,52,SteamWorld Heist,6/7/2016,$19.99,98% (97%/81%),"717,261","35,881","±5,412","30,328","±4,976",8:18:00,5:01:00
1,628,Cally's Caves 3,1/5/2016,$6.99,64% (86%),"246,328","35,240","±5,364","20,930","±4,134",5:15:00,4:04:00
1,959,Asdivine Hearts,2/1/2016,$9.99,N/A (N/A),"352,048","35,240","±5,364","3,417","±1,670",4:43:00,1:38:00
1,196,Rogue Stormers,4/21/2016,$19.99,30% (70%/68%),"700,170","35,026","±5,347","24,775","±4,497",4:22:00,1:22:00
1,394,RPG Tycoon,2/12/2016,$9.99,23% (65%),"349,910","35,026","±5,347","30,541","±4,993",2:46:00,1:43:00
1,1155,Sakura Dungeon,6/3/2016,$19.99,90% (94%),"683,098","34,172","±5,282","24,348","±4,458",11:38:00,5:43:00
1,1234,WARSHIFT,10/12/2016,$12.99,47% (79%),"443,894","34,172","±5,282","29,260","±4,887",1:47:00,0:51:00
1,1025,Of Kings And Men,8/25/2016,$24.99,14% (56%),"848,610","33,958","±5,265","32,891","±5,182",11:40:00,3:30:00
1,262,Dead Effect 2,5/6/2016,$3.59,30% (70%/53%),"118,079","32,891","±5,182","19,862","±4,027",11:21:00,4:53:00
1,138,Stories: The Path of Destinies,4/12/2016,$14.99,64% (86%/74%),"483,428","32,250","±5,131","25,415","±4,555",4:55:00,4:17:00
1,814,Killing Room,10/20/2016,$8.99,41% (76%),"284,165","31,609","±5,080","28,619","±4,834",3:57:00,1:31:00
1,1069,Torment: Tides of Numenera,1/26/2016,$44.99,54% (82%),"1,412,506","31,396","±5,063","21,571","±4,196",4:11:00,1:49:00
1,815,Project Genom,10/11/2016,$19.99,34% (72%),"619,050","30,968","±5,028","30,114","±4,958",10:30:00,4:26:00
1,176,Ember,9/9/2016,$6.99,49% (80%/70%),"210,497","30,114","±4,958","20,930","±4,134",5:10:00,1:21:00
1,961,Infectonator : Survivors,8/8/2016,$11.99,29% (69%),"340,588","28,406","±4,816","26,270","±4,631",8:32:00,2:50:00
1,875,FORCED 2: The Rush,3/29/2016,$19.99,67% (87%),"555,022","27,765","±4,761","23,280","±4,360",7:18:00,4:15:00
1,962,Drayt Empire,7/16/2016,$0.99,N/A (N/A),"25,795","26,056","±4,612","13,242","±3,288",3:39:00,3:29:00
1,1068,Army of Tentacles: (Not) A Cthulhu Dating Sim,2/15/2016,$2.99,N/A (N/A),"77,271","25,843","±4,593","11,747","±3,097",2:52:00,3:23:00
1,752,Final Quest,8/17/2016,$0.99,N/A (N/A),"25,373","25,629","±4,574","12,174","±3,152",3:24:00,3:15:00
1,49,OneShot,12/8/2016,$9.99,99% (98%/81%),"249,630","24,988","±4,517","18,795","±3,917",3:57:00,3:47:00
1,1000,A Land Fit For Heroes,5/3/2016,$9.99,N/A (N/A),"249,630","24,988","±4,517","1,922","±1,252",1:17:00,0:21:00
1,916,Dear RED - Extended,4/12/2016,$2.99,N/A (N/A),"73,437","24,561","±4,478","18,367","±3,872",3:23:00,3:29:00
1,86,Dungelot : Shattered Lands,2/18/2016,$9.99,30% (70%/78%),"234,695","23,493","±4,379","17,300","±3,758",8:55:00,4:59:00
1,1138,Dungeon Journey,6/3/2016,$1.99,61% (85%),"46,751","23,493","±4,379","14,950","±3,494",4:24:00,4:35:00
1,263,Planar Conquest,5/30/2016,$19.99,9% (48%/53%),"465,367","23,280","±4,360","10,038","±2,863",14:52:00,2:07:00
1,864,Feel The Snow,10/14/2016,$8.99,83% (92%),"207,363","23,066","±4,339","21,144","±4,155",4:04:00,1:57:00
1,641,Unforgiving Trials: The Space Crusade,10/7/2016,$0.99,N/A (N/A),"22,413","22,639","±4,299","16,018","±3,616",3:38:00,3:38:00
1,999,Dead Age,11/4/2016,$14.99,61% (85%),"336,151","22,425","±4,279","19,649","±4,005",9:34:00,4:15:00
1,1161,Hero Defense - Haunted Island,5/31/2016,$14.99,37% (74%),"323,349","21,571","±4,196","19,008","±3,939",4:56:00,2:27:00
1,836,Planet Centauri,6/3/2016,$14.99,56% (83%),"310,548","20,717","±4,113","19,862","±4,027",8:37:00,5:19:00
1,710,The Lords of the Earth Flame,9/2/2016,$4.99,N/A (N/A),"102,310","20,503","±4,091","16,232","±3,640",3:29:00,3:30:00
1,1034,Fairyland: Incursion,6/21/2016,$2.09,N/A (N/A),"42,406","20,290","±4,070","17,513","±3,781",4:16:00,4:01:00
1,1185,Eon Altar,6/22/2016,$6.99,83% (92%),"141,827","20,290","±4,070","14,950","±3,494",2:38:00,2:06:00
1,1108,Ara Fell,6/2/2016,$9.99,87% (93%),"200,559","20,076","±4,048","11,747","±3,097",5:58:00,3:49:00
1,826,Force of Nature,12/13/2016,$7.99,52% (81%),"158,697","19,862","±4,027","18,795","±3,917",9:47:00,5:26:00
1,929,Story Of the Survivor,2/16/2016,$2.99,N/A (N/A),"56,834","19,008","±3,939",854,±835,0:41:00,0:28:00
1,1041,Dungeon Rushers,9/6/2016,$14.99,43% (77%),"281,737","18,795","±3,917","17,086","±3,735",6:59:00,3:47:00
1,1132,Panzermadels: Tank Dating Simulator,3/9/2016,$9.99,80% (91%),"187,762","18,795","±3,917","13,028","±3,261",3:47:00,2:09:00
1,1003,Helen's Mysterious Castle,3/18/2016,$1.39,93% (95%),"25,828","18,581","±3,895","8,970","±2,706",3:01:00,2:54:00
1,1114,Age Of Gladiators,2/25/2016,$9.99,56% (83%),"183,486","18,367","±3,872","16,872","±3,711",9:33:00,4:55:00
1,1055,Undermind,6/10/2016,$0.50,N/A (N/A),"9,077","18,154","±3,850","13,028","±3,261",4:16:00,4:31:00
1,47,Ashes of the Singularity: Escalation,11/10/2016,$39.99,54% (82%/81%),"717,421","17,940","±3,827","10,252","±2,893",8:16:00,5:00:00
1,458,Frozen State,8/5/2016,$11.99,43% (77%),"215,101","17,940","±3,827","14,950","±3,494",3:10:00,1:19:00
1,1029,Moonstone Tavern,5/13/2016,$7.99,2% (31%),"143,341","17,940","±3,827","12,174","±3,152",4:17:00,3:13:00
1,1319,No Turning Back: The Pixel Art Action-Adventure Roguelike,1/15/2016,$4.99,N/A (N/A),"89,521","17,940","±3,827","10,252","±2,893",3:21:00,3:34:00
1,934,Grand Pigeon's Duty,8/5/2016,$0.99,56% (83%),"17,550","17,727","±3,804","13,242","±3,288",3:03:00,2:43:00
1,634,Warriors of Vilvatikta,8/26/2016,$0.99,N/A (N/A),"17,127","17,300","±3,758","10,892","±2,982",3:13:00,3:06:00
1,973,Zombie Party,6/10/2016,$9.99,64% (86%),"170,689","17,086","±3,735","13,028","±3,261",4:33:00,3:31:00
1,169,Blacksea Odyssey,6/1/2016,$9.99,70% (88%/71%),"168,551","16,872","±3,711","4,058","±1,820",3:24:00,1:37:00
1,750,Dungetris,9/28/2016,$2.99,77% (90%),"49,810","16,659","±3,688","14,096","±3,392",4:54:00,4:28:00
1,749,Stellar Overload,10/11/2016,$19.99,67% (87%),"328,736","16,445","±3,664","13,455","±3,314",3:52:00,2:23:00
1,1061,3DRPG,1/12/2016,$9.99,N/A (N/A),"157,892","15,805","±3,592","9,184","±2,738",2:45:00,3:49:00
1,670,Madness,11/22/2016,$2.99,N/A (N/A),"46,617","15,591","±3,568","14,310","±3,418",3:40:00,3:30:00
1,759,Golden Swords,10/26/2016,$2.24,N/A (N/A),"34,924","15,591","±3,568","9,824","±2,832",2:55:00,3:16:00
1,952,Chicken Assassin - Master of Humiliation,6/27/2016,$1.99,95% (96%),"30,600","15,377","±3,543","11,960","±3,125",4:52:00,3:43:00
1,954,Warriors' Wrath,5/26/2016,$6.99,N/A (N/A),"107,485","15,377","±3,543","8,116","±2,574",3:14:00,3:46:00
1,899,Inexistence,4/18/2016,$5.99,28% (68%),"90,832","15,164","±3,518","7,902","±2,540",2:16:00,2:09:00
1,1078,Silver Knight,1/15/2016,$1.99,N/A (N/A),"30,176","15,164","±3,518","7,689","±2,505",5:46:00,6:13:00
1,900,Apocalypse Hotel - The Post-Apocalyptic Hotel Simulator!,1/26/2016,$6.99,N/A (N/A),"104,501","14,950","±3,494","1,709","±1,181",1:50:00,4:21:00
1,1006,Totem,8/30/2016,$0.79,N/A (N/A),"11,811","14,950","±3,494","11,533","±3,068",3:19:00,3:28:00
1,966,A Lenda do HerÃ³i - O Jogo,3/24/2016,$15.99,59% (84%),"235,645","14,737","±3,468","13,669","±3,340",11:05:00,5:58:00
1,1059,24 Hours 'til Rescue,2/19/2016,$3.99,N/A (N/A),"58,801","14,737","±3,468","1,709","±1,181",1:13:00,3:07:00
1,1439,Balrum,2/29/2016,$14.99,39% (75%),"220,908","14,737","±3,468","12,601","±3,207",10:23:00,4:41:00
1,33,DarkMaus,1/26/2016,$9.99,67% (87%/83%),"145,085","14,523","±3,443","12,174","±3,152",2:16:00,0:59:00
1,824,ｈａｃｋｍｕｄ,9/22/2016,$19.99,41% (76%),"290,315","14,523","±3,443","14,096","±3,392",13:00:00,7:12:00
1,1142,Sword 'N' Board,1/29/2016,$4.99,N/A (N/A),"72,470","14,523","±3,443","1,709","±1,181",0:13:00,0:14:00
1,205,Diaries of a Spaceport Janitor,9/16/2016,$9.99,52% (81%/67%),"140,819","14,096","±3,392","10,252","±2,893",3:10:00,2:27:00
1,1116,World's Dawn,1/25/2016,$9.99,59% (84%),"140,819","14,096","±3,392","11,106","±3,011",10:15:00,1:58:00
1,825,Niffelheim,4/28/2016,$19.99,47% (79%),"277,501","13,882","±3,366","12,387","±3,180",14:39:00,9:28:00
1,955,Melting Hearts: Our Love Will Grow 2,4/29/2016,$4.99,N/A (N/A),"69,271","13,882","±3,366","6,407","±2,287",3:49:00,3:27:00
1,813,bit Dungeon+,3/22/2016,$3.99,2% (29%),"54,539","13,669","±3,340","3,844","±1,771",0:31:00,0:26:00
1,837,Bastard Bonds,6/15/2016,$19.99,87% (93%),"273,243","13,669","±3,340","11,319","±3,040",15:39:00,4:42:00
1,831,Voodoo Garden,8/4/2016,$2.99,45% (78%),"40,230","13,455","±3,314","12,387","±3,180",5:04:00,1:43:00
1,1159,Sunrider: Liberation Day,3/4/2016,$24.99,61% (85%),"336,240","13,455","±3,314","8,543","±2,641",8:41:00,6:08:00
1,548,Dog Sled Saga,9/22/2016,$7.99,87% (93%),"105,804","13,242","±3,288","12,174","±3,152",9:12:00,6:08:00
1,839,Final Quest II,10/18/2016,$0.99,N/A (N/A),"13,110","13,242","±3,288","9,824","±2,832",3:20:00,3:25:00
1,769,Gladiator Trainer,11/25/2016,$1.99,N/A (N/A),"25,926","13,028","±3,261","4,058","±1,820",2:09:00,2:09:00
1,342,The Hive,8/25/2016,$19.99,35% (73%),"256,172","12,815","±3,234","9,184","±2,738",4:25:00,1:38:00
1,1049,Etaria | Survival Adventure,2/4/2016,$1.99,17% (59%),"25,502","12,815","±3,234","8,543","±2,641",2:33:00,2:39:00
1,1147,Anima Gate of Memories,6/2/2016,$19.99,45% (78%),"256,172","12,815","±3,234","9,184","±2,738",4:37:00,2:38:00
1,889,To Ash,3/29/2016,$1.99,N/A (N/A),"24,650","12,387","±3,180",854,±835,0:30:00,0:24:00
1,913,Milford Heaven - Luken's Chronicles,6/10/2016,$1.49,N/A (N/A),"18,457","12,387","±3,180","8,543","±2,641",3:24:00,3:34:00
1,257,Goliath,5/12/2016,$11.99,25% (66%/57%),"143,400","11,960","±3,125","10,252","±2,893",5:00:00,2:57:00
1,427,BossConstructor,10/24/2016,$14.99,52% (81%),"179,280","11,960","±3,125","11,106","±3,011",10:54:00,2:41:00
1,1016,The Sunset,7/13/2016,$1.99,N/A (N/A),"23,800","11,960","±3,125","11,106","±3,011",3:02:00,3:14:00
1,717,5089: The Action RPG,2/3/2016,$7.99,80% (91%),"93,859","11,747","±3,097","10,252","±2,893",3:39:00,2:29:00
1,856,KWAAN,1/21/2016,$9.99,30% (70%),"117,353","11,747","±3,097","4,912","±2,002",4:04:00,1:56:00
1,927,"Forgotten, Not Lost - A Kinetic Novel",4/1/2016,$1.99,80% (91%),"23,377","11,747","±3,097","8,116","±2,574",3:24:00,3:32:00
1,1153,Adventure World,8/2/2016,$4.99,N/A (N/A),"58,618","11,747","±3,097","8,757","±2,674",4:07:00,4:41:00
1,1097,Dungeons Are Random,1/5/2016,$1.99,N/A (N/A),"22,951","11,533","±3,068",427,±590,0:34:00,0:22:00
1,1149,Kings and Heroes,5/31/2016,$19.99,29% (69%),"230,545","11,533","±3,068","10,038","±2,863",10:09:00,3:36:00
1,137,Epic Manager,12/12/2016,$17.99,30% (70%/74%),"203,629","11,319","±3,040","11,106","±3,011",7:04:00,3:18:00
1,168,Corpse Party,4/25/2016,$14.99,87% (93%/71%),"169,672","11,319","±3,040","7,048","±2,399",4:11:00,3:41:00
1,616,Book of Demons,7/28/2016,$19.99,90% (94%),"226,267","11,319","±3,040","10,038","±2,863",10:44:00,6:04:00
1,953,Rover The Dragonslayer,6/2/2016,$1.99,N/A (N/A),"22,525","11,319","±3,040",641,±723,0:05:00,0:02:00
1,1089,Ghost of a Tale,7/25/2016,$19.99,93% (95%),"226,267","11,319","±3,040","10,038","±2,863",2:23:00,0:55:00
1,758,Dungeon Rats,11/4/2016,$8.99,61% (85%),"99,843","11,106","±3,011","7,902","±2,540",10:01:00,5:19:00
1,939,The Quest,2/19/2016,$9.99,64% (86%),"110,949","11,106","±3,011","9,611","±2,801",9:31:00,4:03:00
1,1064,Daily Chthonicle: Editor's Edition,9/30/2016,$3.99,N/A (N/A),"44,313","11,106","±3,011","7,475","±2,470",2:59:00,3:02:00
1,1120,Rebirth of Island,11/4/2016,$4.19,N/A (N/A),"46,534","11,106","±3,011","4,912","±2,002",4:14:00,3:27:00
1,98,Echoes Of Aetheria,1/15/2016,$14.99,N/A (N/A/77%),"163,271","10,892","±2,982","5,767","±2,170",6:08:00,3:44:00
1,120,Shardlight,3/8/2016,$14.99,80% (91%/75%),"163,271","10,892","±2,982","7,048","±2,399",8:02:00,7:31:00
1,942,Ace of Protectors,6/27/2016,$1.99,N/A (N/A),"21,251","10,679","±2,953","6,834","±2,362",5:44:00,5:02:00
1,980,Earthlock: Festival of Magic,9/27/2016,$29.99,47% (79%),"320,263","10,679","±2,953","8,116","±2,574",7:34:00,2:16:00
1,1135,Lost World Zero,2/12/2016,$9.99,N/A (N/A),"106,683","10,679","±2,953","6,621","±2,325",2:46:00,3:03:00
1,216,Dark Fear,6/22/2016,$2.39,N/A (N/A/66%),"25,011","10,465","±2,923","1,281","±1,022",4:00:00,6:40:00
1,878,Hashtag Dungeon,6/1/2016,$7.99,N/A (N/A),"83,615","10,465","±2,923","7,048","±2,399",3:55:00,3:44:00
1,964,Boundel,4/30/2016,$1.99,29% (69%),"20,825","10,465","±2,923","7,262","±2,435",2:26:00,1:24:00
1,1126,Looterkings,8/16/2016,$17.99,70% (88%),"188,265","10,465","±2,923","10,038","±2,863",5:22:00,3:15:00
1,171,Overfall,5/17/2016,$14.99,64% (86%/71%),"153,677","10,252","±2,893","8,757","±2,674",9:45:00,6:50:00
1,756,Town of Night,11/17/2016,$1.99,N/A (N/A),"20,401","10,252","±2,893","7,048","±2,399",4:26:00,4:34:00
1,1106,Fear Equation,1/15/2016,$14.99,N/A (N/A),"153,677","10,252","±2,893","5,980","±2,209",3:32:00,4:11:00
1,638,Alicemare,11/21/2016,$2.99,61% (85%),"29,374","9,824","±2,832","4,485","±1,913",3:24:00,2:59:00
1,852,The Underground Man,9/1/2016,$4.99,73% (89%),"49,022","9,824","±2,832","7,902","±2,540",3:06:00,3:13:00
1,1011,Sorcery! Part 3,4/5/2016,$9.99,N/A (N/A),"98,142","9,824","±2,832","2,136","±1,320",6:02:00,7:50:00
1,1030,Wayward,4/22/2016,$7.99,67% (87%),"78,494","9,824","±2,832","8,543","±2,641",10:47:00,3:43:00
1,1365,ACE Academy,8/22/2016,$19.99,95% (96%),"196,382","9,824","±2,832","7,475","±2,470",14:03:00,8:04:00
1,1373,Sky Break,10/21/2016,$14.99,29% (69%),"147,262","9,824","±2,832","8,970","±2,706",2:38:00,1:23:00
1,894,Machine Made: Rebirth,7/19/2016,$4.99,N/A (N/A),"47,959","9,611","±2,801","6,621","±2,325",6:11:00,5:43:00
1,911,Haven,8/4/2016,$4.99,N/A (N/A),"47,959","9,611","±2,801","5,980","±2,209",4:39:00,3:30:00
1,924,Star Merc,6/16/2016,$6.99,N/A (N/A),"67,181","9,611","±2,801","4,272","±1,867",3:56:00,3:09:00
1,523,Moonchild,4/22/2016,$9.99,N/A (N/A),"93,876","9,397","±2,770","4,058","±1,820",4:42:00,3:23:00
1,834,VR Escape the space station,8/24/2016,$6.99,N/A (N/A),"65,685","9,397","±2,770","2,563","±1,446",0:47:00,0:59:00
1,914,Siralim 2,8/12/2016,$14.99,95% (96%),"140,861","9,397","±2,770","8,543","±2,641",19:57:00,13:30:00
1,649,Disgraced,11/18/2016,$9.99,N/A (N/A),"91,748","9,184","±2,738","5,767","±2,170",2:16:00,2:31:00
1,849,BloodGate,6/2/2016,$8.99,64% (86%),"82,564","9,184","±2,738","5,126","±2,045",18:06:00,14:48:00
1,1031,UnReal World,2/26/2016,$10.99,95% (96%),"100,932","9,184","±2,738","7,475","±2,470",11:20:00,1:37:00
1,895,Rogue Port - Red Nightmare,5/9/2016,$2.99,N/A (N/A),"26,820","8,970","±2,706","5,126","±2,045",5:29:00,5:08:00
1,84,The Count Lucanor,3/3/2016,$9.99,90% (94%/78%),"87,482","8,757","±2,674","5,767","±2,170",3:21:00,3:31:00
1,922,Mahluk:Dark demon,7/19/2016,$1.99,N/A (N/A),"17,426","8,757","±2,674","4,272","±1,867",2:18:00,2:34:00
1,1081,Watson's Watch,6/6/2016,$7.99,N/A (N/A),"69,968","8,757","±2,674","2,776","±1,505",3:12:00,3:50:00
1,663,Dragon Knight,11/22/2016,$3.99,64% (86%),"34,087","8,543","±2,641","6,407","±2,287",4:00:00,2:40:00
1,1015,NeuroVoider,8/31/2016,$13.99,54% (82%),"116,523","8,329","±2,608","7,689","±2,505",15:23:00,3:18:00
1,1100,Major\Minor - Definitive Edition,10/11/2016,$19.99,56% (83%),"166,497","8,329","±2,608","2,776","±1,505",3:22:00,2:36:00
1,85,Wuppo,9/29/2016,$14.99,100% (100%/78%),"121,659","8,116","±2,574","6,621","±2,325",4:40:00,3:09:00
1,197,Defragmented,2/12/2016,$14.99,N/A (N/A/68%),"121,659","8,116","±2,574","4,699","±1,958",5:01:00,3:13:00
1,774,Sorcery! Part 4,9/22/2016,$9.99,N/A (N/A),"81,079","8,116","±2,574",641,±723,4:35:00,3:41:00
1,1085,Royal Heroes,3/16/2016,$4.99,37% (74%),"40,499","8,116","±2,574","5,980","±2,209",11:27:00,5:35:00
1,612,One Day : The Sun Disappeared,8/25/2016,$3.59,N/A (N/A),"28,368","7,902","±2,540","4,485","±1,913",3:25:00,3:49:00
1,893,The Fallen Kingdom,9/19/2016,$7.99,N/A (N/A),"63,137","7,902","±2,540",854,±835,0:06:00,0:06:00
1,936,Wild Animal Racing,3/7/2016,$3.99,70% (88%),"31,529","7,902","±2,540","7,475","±2,470",2:28:00,0:38:00
1,897,Link,4/22/2016,$4.99,N/A (N/A),"38,368","7,689","±2,505","4,485","±1,913",3:08:00,3:11:00
1,1017,DashBored,6/13/2016,$4.99,N/A (N/A),"38,368","7,689","±2,505","4,272","±1,867",5:36:00,6:19:00
1,185,The Warlock of Firetop Mountain,8/30/2016,$19.99,52% (81%/69%),"149,425","7,475","±2,470","5,767","±2,170",3:49:00,3:07:00
1,988,In Celebration of Violence,8/12/2016,$7.99,N/A (N/A),"59,725","7,475","±2,470","5,126","±2,045",4:07:00,5:26:00
1,1281,Crystal Rift,3/30/2016,$9.99,18% (60%),"74,675","7,475","±2,470","4,912","±2,002",1:04:00,0:29:00
1,349,Dungeon of gain,6/23/2016,$4.99,N/A (N/A),"36,237","7,262","±2,435","4,058","±1,820",3:08:00,2:44:00
1,885,The Secret Monster Society: Chapter One,7/28/2016,$5.99,N/A (N/A),"43,499","7,262","±2,435","3,631","±1,721",4:17:00,5:06:00
1,209,Rogue Wizards,9/27/2016,$14.99,43% (77%/67%),"105,650","7,048","±2,399","6,621","±2,325",10:20:00,5:47:00
1,723,EmergeNYC,11/3/2016,$34.99,73% (89%),"246,610","7,048","±2,399","5,767","±2,170",6:11:00,2:38:00
1,800,Angels of Death,12/19/2016,$9.99,93% (95%),"70,410","7,048","±2,399","6,407","±2,287",5:48:00,6:04:00
1,1332,Major\Minor,10/1/2016,$19.99,47% (79%),"140,890","7,048","±2,399","4,912","±2,002",7:34:00,4:42:00
1,1038,Mystica: The Ninth Society,3/6/2016,$1.99,N/A (N/A),"13,600","6,834","±2,362","3,631","±1,721",4:13:00,4:47:00
1,69,The Metronomicon,9/29/2016,$19.99,90% (94%/79%),"132,354","6,621","±2,325","4,699","±1,958",4:29:00,5:35:00
1,448,Backstage Pass,8/22/2016,$29.99,77% (90%),"198,564","6,621","±2,325","5,553","±2,129",14:18:00,12:31:00
1,968,Hero and Daughter,2/18/2016,$9.99,83% (92%),"66,144","6,621","±2,325","5,339","±2,088",12:29:00,8:02:00
1,994,Frontier,3/4/2016,$12.99,N/A (N/A),"86,007","6,621","±2,325","1,281","±1,022",0:12:00,0:11:00
1,794,Dawn's Light 2,11/8/2016,$1.49,N/A (N/A),"9,546","6,407","±2,287","3,844","±1,771",4:42:00,3:23:00
1,998,Legend of Miro,8/22/2016,$9.99,N/A (N/A),"64,006","6,407","±2,287","3,204","±1,617",3:02:00,3:19:00
1,1071,Of Love And Sorrow,8/8/2016,$4.99,N/A (N/A),"31,971","6,407","±2,287",427,±590,4:54:00,3:15:00
1,655,Doom & Destiny Advanced,11/15/2016,$9.99,83% (92%),"61,878","6,194","±2,248","3,844","±1,771",11:29:00,5:35:00
1,668,GunWorld 2,8/17/2016,$7.99,N/A (N/A),"49,490","6,194","±2,248","4,058","±1,820",3:20:00,4:02:00
1,698,Showdown Adventure,9/23/2016,$2.99,N/A (N/A),"18,520","6,194","±2,248","4,272","±1,867",4:12:00,3:20:00
1,992,Age of Barbarian Extended Cut,6/3/2016,$12.99,39% (75%),"80,460","6,194","±2,248","5,126","±2,045",5:48:00,3:32:00
1,1007,Awakened,6/29/2016,$2.99,N/A (N/A),"18,520","6,194","±2,248",0,±0,0:00:00,0:00:00
1,745,Wild Terra Online,12/16/2016,$14.99,23% (65%),"89,640","5,980","±2,209","5,767","±2,170",26:46:00,5:53:00
1,906,Orange Moon,7/6/2016,$5.99,N/A (N/A),"35,820","5,980","±2,209","3,631","±1,721",3:18:00,3:52:00
1,186,"Aurion, legacy of the Kori-Odan",4/14/2016,$14.99,N/A (N/A/69%),"86,447","5,767","±2,170","3,417","±1,670",4:19:00,4:09:00
1,269,Ares Omega,3/11/2016,$4.99,N/A (N/A/49%),"28,777","5,767","±2,170","4,058","±1,820",4:08:00,4:40:00
1,630,A Magical High School Girl,11/22/2016,$9.99,N/A (N/A),"57,612","5,767","±2,170","4,485","±1,913",4:55:00,3:32:00
1,675,Andoran Skye XD,11/25/2016,$9.99,N/A (N/A),"57,612","5,767","±2,170",214,±417,8:14:00,2:44:00
1,780,Zenith,9/20/2016,$14.99,43% (77%),"86,447","5,767","±2,170","4,272","±1,867",4:05:00,2:22:00
1,956,Thorne - Death Merchants,3/25/2016,$2.99,47% (79%),"17,243","5,767","±2,170","3,631","±1,721",3:04:00,3:43:00
1,1054,Urban Pirate,6/17/2016,$6.99,N/A (N/A),"40,311","5,767","±2,170","3,631","±1,721",5:37:00,8:41:00
1,208,Good Robot,4/5/2016,$9.99,87% (93%/67%),"55,474","5,553","±2,129","4,485","±1,913",3:42:00,2:10:00
1,238,Masquerada: Songs and Shadows,9/30/2016,$24.99,83% (92%/62%),"138,769","5,553","±2,129","4,485","±1,913",7:04:00,9:59:00
1,660,Tavernier,8/25/2016,$2.99,N/A (N/A),"16,603","5,553","±2,129","4,699","±1,958",1:56:00,2:21:00
1,735,Stargazer Christmas,12/1/2016,$0.99,N/A (N/A),"5,497","5,553","±2,129","2,990","±1,562",3:23:00,3:24:00
1,787,It Comes Around - A Kinetic Novel,9/29/2016,$2.99,N/A (N/A),"16,603","5,553","±2,129","2,990","±1,562",3:56:00,4:00:00
1,677,Manor of the Damned!,11/23/2016,$3.99,N/A (N/A),"21,303","5,339","±2,088",214,±417,1:06:00,0:22:00
1,1033,Star Project,8/4/2016,$1.99,N/A (N/A),"10,625","5,339","±2,088",427,±590,0:06:00,0:03:00
1,840,The Life Of Greather,8/25/2016,$1.99,N/A (N/A),"10,201","5,126","±2,045","2,990","±1,562",3:42:00,4:06:00
1,943,Seduce Me 2: The Demon War,5/23/2016,$9.99,77% (90%),"51,209","5,126","±2,045","4,699","±1,958",17:30:00,13:21:00
1,1110,Just a Cleric,5/19/2016,$4.99,N/A (N/A),"25,579","5,126","±2,045","2,990","±1,562",7:27:00,12:00:00
1,1127,Shadows of Kurgansk,12/15/2016,$14.99,37% (74%),"76,839","5,126","±2,045","4,058","±1,820",2:13:00,2:23:00
1,1148,Attack Heroes,4/14/2016,$9.99,30% (70%),"51,209","5,126","±2,045","4,272","±1,867",4:08:00,1:50:00
1,796,Tales of the Elements FC,10/13/2016,$6.99,N/A (N/A),"34,335","4,912","±2,002","2,776","±1,505",3:41:00,5:06:00
1,1115,Islet Online,2/1/2016,$24.99,52% (81%),"122,751","4,912","±2,002","4,912","±2,002",40:01:00,18:41:00
1,712,Heroine Anthem Zero,12/22/2016,$14.99,11% (52%),"70,438","4,699","±1,958","4,272","±1,867",4:07:00,3:35:00
1,808,Star Phoenix,11/24/2016,$19.99,N/A (N/A),"93,933","4,699","±1,958","2,563","±1,446",3:47:00,4:11:00
1,858,Stellar Tactics,9/22/2016,$19.99,52% (81%),"93,933","4,699","±1,958","4,272","±1,867",6:57:00,5:12:00
1,1009,Solitairica,5/31/2016,$9.99,83% (92%),"46,943","4,699","±1,958","3,631","±1,721",8:42:00,9:18:00
1,1140,Sol Trader,6/6/2016,$19.99,N/A (N/A),"93,933","4,699","±1,958","4,058","±1,820",2:11:00,2:26:00
1,738,Zombitatos the end of the Pc master race,9/9/2016,$0.91,25% (66%),"4,081","4,485","±1,913","2,776","±1,505",5:02:00,5:59:00
1,857,Hieroglyphika,2/3/2016,$9.99,32% (71%),"44,805","4,485","±1,913","3,204","±1,617",1:19:00,1:43:00
1,891,Devil Sealing Stone,4/11/2016,$7.99,N/A (N/A),"35,835","4,485","±1,913",0,±0,0:00:00,0:00:00
1,1044,Left-Hand Path,6/20/2016,$24.99,64% (86%),"112,080","4,485","±1,913","3,631","±1,721",0:37:00,0:29:00
1,684,Eurgava™ - Fight for Haaria,12/1/2016,$7.99,N/A (N/A),"34,133","4,272","±1,867","2,349","±1,385",2:55:00,3:25:00
1,714,Sarab: The Dark Tower,11/17/2016,$1.99,N/A (N/A),"8,501","4,272","±1,867",0,±0,0:00:00,0:00:00
1,1023,House of Hell,1/19/2016,$4.99,N/A (N/A),"21,317","4,272","±1,867","1,495","±1,104",3:04:00,1:54:00
1,1050,Catacombs of the Undercity,1/19/2016,$4.99,N/A (N/A),"21,317","4,272","±1,867","2,563","±1,446",4:01:00,4:21:00
1,1129,Super Dungeon Tactics,12/14/2016,$19.99,N/A (N/A),"85,397","4,272","±1,867","3,417","±1,670",5:11:00,3:25:00
1,1131,AuroraRL,4/8/2016,$1.69,61% (85%),"7,220","4,272","±1,867","2,990","±1,562",6:18:00,7:41:00
1,1133,Wolfsong,2/1/2016,$9.99,N/A (N/A),"42,677","4,272","±1,867",854,±835,1:05:00,1:16:00
1,1020,Tank Brawl,4/20/2016,$3.99,N/A (N/A),"16,191","4,058","±1,820",214,±417,0:04:00,0:01:00
1,1048,Dungeons & Robots,2/29/2016,$8.99,23% (65%),"36,481","4,058","±1,820","3,417","±1,670",1:02:00,0:51:00
1,1124,Rencounter,11/4/2016,$2.99,30% (70%),"12,133","4,058","±1,820","2,349","±1,385",5:48:00,7:41:00
1,771,Imprisoned Light,10/28/2016,$1.99,N/A (N/A),"7,650","3,844","±1,771","2,776","±1,505",8:16:00,2:14:00
1,867,Polandball: Can into Space!,6/15/2016,$2.99,95% (96%),"11,494","3,844","±1,771","3,204","±1,617",1:11:00,1:03:00
1,886,Choice of Alexandria,6/10/2016,$2.99,N/A (N/A),"11,494","3,844","±1,771","2,776","±1,505",3:19:00,1:19:00
1,1014,Pharaonic,4/28/2016,$15.99,70% (88%),"61,466","3,844","±1,771","3,417","±1,670",2:08:00,1:44:00
1,1022,DROD RPG: Tendry's Tale,2/12/2016,$5.99,N/A (N/A),"23,026","3,844","±1,771",427,±590,0:20:00,0:08:00
1,1026,The Girl and the Robot,8/17/2016,$9.99,N/A (N/A),"38,402","3,844","±1,771","1,068",±933,2:08:00,1:50:00
1,1043,Extravaganza Rising,7/21/2016,$5.99,N/A (N/A),"23,026","3,844","±1,771","2,349","±1,385",4:10:00,4:37:00
1,1056,Shrouded in Sanity,5/27/2016,$5.99,54% (82%),"23,026","3,844","±1,771","2,776","±1,505",1:36:00,1:15:00
1,1067,Labyrinth,3/7/2016,$9.99,67% (87%),"38,402","3,844","±1,771","3,631","±1,721",1:44:00,2:30:00
1,1073,Choice of the Pirate,5/20/2016,$3.99,80% (91%),"15,338","3,844","±1,771","3,204","±1,617",4:08:00,3:50:00
1,1084,Guns of Infinity,3/29/2016,$4.99,N/A (N/A),"19,182","3,844","±1,771","2,990","±1,562",11:00:00,17:24:00
1,773,Princess Remedy In A Heap of Trouble,9/8/2016,$2.99,99% (98%),"10,857","3,631","±1,721","2,776","±1,505",2:50:00,2:31:00
1,888,Last Heroes 3,4/1/2016,$1.99,N/A (N/A),"7,226","3,631","±1,721",854,±835,1:31:00,1:24:00
1,925,GOD's DEATH,5/11/2016,$3.99,N/A (N/A),"14,488","3,631","±1,721","2,776","±1,505",5:30:00,5:52:00
1,935,Event Horizon,4/30/2016,$5.99,N/A (N/A),"21,750","3,631","±1,721",641,±723,5:45:00,5:20:00
1,981,Eador. Imperium,6/2/2016,$19.99,35% (73%),"72,584","3,631","±1,721","2,776","±1,505",5:53:00,5:18:00
1,1032,The Lost Heir: The Fall of Daria,1/29/2016,$3.99,N/A (N/A),"14,488","3,631","±1,721","2,990","±1,562",10:41:00,16:31:00
1,1035,Hero Generations: ReGen,8/19/2016,$14.99,N/A (N/A),"54,429","3,631","±1,721","2,563","±1,446",1:42:00,1:46:00
1,1112,Sabres of Infinity,3/29/2016,$3.99,95% (96%),"14,488","3,631","±1,721","2,349","±1,385",7:26:00,10:50:00
1,804,Detective Hayseed - Hollywood,10/7/2016,$14.99,N/A (N/A),"51,221","3,417","±1,670","2,349","±1,385",7:07:00,5:19:00
1,880,Infinity Saga,2/29/2016,$2.99,N/A (N/A),"10,217","3,417","±1,670","2,136","±1,320",7:10:00,3:27:00
1,881,Wanda,6/3/2016,$9.99,N/A (N/A),"34,136","3,417","±1,670",854,±835,2:43:00,2:27:00
1,1091,9th Dawn II,10/17/2016,$3.99,N/A (N/A),"13,634","3,417","±1,670","2,776","±1,505",2:58:00,2:59:00
1,1248,Wayward Terran Frontier: Zero Falls,2/11/2016,$29.99,32% (71%),"102,476","3,417","±1,670","2,349","±1,385",21:08:00,30:02:00
1,222,Zombasite,8/23/2016,$19.99,49% (80%/65%),"64,048","3,204","±1,617","2,776","±1,505",21:40:00,10:24:00
1,529,NeonXSZ,2/22/2016,$14.99,77% (90%),"48,028","3,204","±1,617","2,776","±1,505",3:37:00,3:53:00
1,788,Samurai of Hyuga,9/16/2016,$3.99,N/A (N/A),"12,784","3,204","±1,617","2,563","±1,446",11:31:00,12:05:00
1,879,Aurora Dusk: Steam Age,4/28/2016,$9.99,61% (85%),"32,008","3,204","±1,617","2,776","±1,505",3:29:00,1:52:00
1,1102,HACK_IT,5/5/2016,$4.99,1% (21%),"15,988","3,204","±1,617","2,136","±1,320",0:52:00,1:05:00
1,1143,Beyond Reality,1/8/2016,$1.24,N/A (N/A),"3,973","3,204","±1,617","1,922","±1,252",2:35:00,5:35:00
1,213,Tahira: Echoes of the Astral Empire,8/31/2016,$14.99,N/A (N/A/66%),"44,820","2,990","±1,562","2,136","±1,320",4:11:00,6:59:00
1,766,Samurai of Hyuga Book 2,9/16/2016,$5.99,N/A (N/A),"17,910","2,990","±1,562","2,349","±1,385",3:53:00,5:17:00
1,803,Subterra,10/28/2016,$2.99,N/A (N/A),"8,940","2,990","±1,562","1,495","±1,104",2:22:00,2:31:00
1,976,The Sentient,2/29/2016,$9.99,N/A (N/A),"29,870","2,990","±1,562","2,349","±1,385",6:18:00,9:27:00
1,1046,3030 Deathwar Redux,4/28/2016,$14.99,N/A (N/A),"44,820","2,990","±1,562","2,136","±1,320",5:15:00,3:41:00
1,1087,The Storm Guard: Darkness is Coming,8/25/2016,$19.99,43% (77%),"59,770","2,990","±1,562","2,990","±1,562",9:39:00,13:48:00
1,369,Cubic,4/5/2016,$19.99,17% (59%),"55,492","2,776","±1,505","2,136","±1,320",0:33:00,0:39:00
1,611,Endica VII The Dream King,1/13/2016,$4.99,N/A (N/A),"13,852","2,776","±1,505",854,±835,0:15:00,0:18:00
1,665,Crown Champion: Legends of the Arena,10/21/2016,$1.99,N/A (N/A),"5,524","2,776","±1,505","1,495","±1,104",6:00:00,5:09:00
1,812,Fatehaven,9/16/2016,$3.99,N/A (N/A),"11,076","2,776","±1,505","2,136","±1,320",5:20:00,5:50:00
1,822,Ittle Dew 2,11/15/2016,$19.99,64% (86%),"55,492","2,776","±1,505","2,349","±1,385",6:57:00,9:51:00
1,871,Samphi,3/18/2016,$4.99,N/A (N/A),"13,852","2,776","±1,505","1,709","±1,181",3:44:00,4:58:00
1,1001,Three Days,5/11/2016,$4.99,N/A (N/A),"13,852","2,776","±1,505","2,136","±1,320",2:36:00,3:00:00
1,1060,The Lost Heir 2: Forging a Kingdom,1/29/2016,$3.99,N/A (N/A),"11,076","2,776","±1,505","2,349","±1,385",7:19:00,16:37:00
1,1096,Last Heroes 2,1/22/2016,$1.99,N/A (N/A),"5,524","2,776","±1,505",641,±723,2:26:00,2:25:00
1,1274,Devoured Time,8/8/2016,$10.99,N/A (N/A),"30,508","2,776","±1,505",0,±0,0:00:00,0:00:00
1,141,The Real Texas,7/12/2016,$14.99,N/A (N/A/74%),"38,419","2,563","±1,446",641,±723,0:16:00,0:15:00
1,645,Rogalia,12/9/2016,$11.99,61% (85%),"30,730","2,563","±1,446","2,563","±1,446",54:37:00,34:19:00
1,648,The Space Garden,10/3/2016,$4.99,N/A (N/A),"12,789","2,563","±1,446","1,922","±1,252",3:23:00,3:35:00
1,676,RPG Fighter League,11/11/2016,$2.99,N/A (N/A),"7,663","2,563","±1,446",214,±417,16:01:00,5:20:00
1,724,Yore VR,10/24/2016,$14.99,49% (80%),"38,419","2,563","±1,446","2,563","±1,446",3:41:00,6:37:00
1,760,Dawn's Light,9/1/2016,$0.59,N/A (N/A),"1,512","2,563","±1,446","1,709","±1,181",1:50:00,2:28:00
1,768,Moékuri: Adorable + Tactical SRPG,12/16/2016,$11.99,95% (96%),"30,730","2,563","±1,446","1,922","±1,252",8:53:00,12:48:00
1,775,Mistwood Heroes,12/30/2016,$0.99,N/A (N/A),"2,537","2,563","±1,446","1,495","±1,104",0:34:00,0:53:00
1,781,Fatal Theory,9/14/2016,$4.99,N/A (N/A),"12,789","2,563","±1,446",214,±417,0:08:00,0:02:00
1,923,Star Rangers,7/6/2016,$11.99,5% (41%),"30,730","2,563","±1,446","1,922","±1,252",2:07:00,1:00:00
1,937,Worlds of Chaos : Corruption,2/10/2016,$11.99,N/A (N/A),"30,730","2,563","±1,446",214,±417,1:53:00,0:37:00
1,985,Zavix Tower,7/21/2016,$14.99,45% (78%),"38,419","2,563","±1,446","2,563","±1,446",9:56:00,7:31:00
1,1157,The Hero Project: Redemption Season,4/8/2016,$3.99,28% (68%),"10,226","2,563","±1,446","1,922","±1,252",7:46:00,8:38:00
1,1302,Space Grunts,1/12/2016,$9.99,N/A (N/A),"25,604","2,563","±1,446","2,136","±1,320",2:20:00,2:25:00
1,662,VERSUS: The Elite Trials,12/16/2016,$3.99,N/A (N/A),"9,373","2,349","±1,385","1,495","±1,104",6:41:00,5:21:00
1,876,Affairs of the Court: Choice of Romance,6/23/2016,$5.99,N/A (N/A),"14,071","2,349","±1,385","1,495","±1,104",4:17:00,5:47:00
1,917,Daughter of Shadows: An SCP Breach Event,4/4/2016,$0.99,N/A (N/A),"2,326","2,349","±1,385","1,709","±1,181",2:55:00,4:57:00
1,1047,Vilmonic,6/15/2016,$9.99,N/A (N/A),"23,467","2,349","±1,385",641,±723,1:00:00,0:56:00
1,1122,Void Raiders,6/14/2016,$4.99,N/A (N/A),"11,722","2,349","±1,385","2,136","±1,320",4:56:00,3:38:00
1,1154,The Great Whale Road,7/28/2016,$14.99,N/A (N/A),"35,212","2,349","±1,385","2,136","±1,320",5:36:00,8:38:00
1,1156,The East New World,4/26/2016,$4.99,N/A (N/A),"11,722","2,349","±1,385","1,709","±1,181",0:48:00,1:07:00
1,932,Crawlers and Brawlers,8/22/2016,$2.99,N/A (N/A),"7,009","2,344","±2,294","1,758","±1,987",1:37:00,2:07:00
1,633,Stash: No Loot Left Behind,9/27/2016,$14.99,N/A (N/A),"32,333","2,157","±1,595","1,849","±1,477",16:54:00,36:17:00
1,765,Sorcery Is for Saps,10/14/2016,$3.99,N/A (N/A),"8,606","2,157","±1,595","1,541","±1,348",1:43:00,2:45:00
1,990,Vanilla Bagel: The Roguelike,6/15/2016,$8.99,N/A (N/A),"19,391","2,157","±1,595","1,541","±1,348",0:21:00,0:24:00
1,996,Castle Torgeath,12/15/2016,$7.99,N/A (N/A),"17,234","2,157","±1,595","1,541","±1,348",0:43:00,0:48:00
1,46,Creepy Castle,10/31/2016,$14.99,N/A (N/A/81%),"32,019","2,136","±1,320","1,281","±1,022",14:38:00,25:02:00
1,622,Exoplanet: First Contact,12/9/2016,$19.99,N/A (N/A),"42,699","2,136","±1,320","1,709","±1,181",1:11:00,0:50:00
1,685,AL･FINE,11/11/2016,$14.99,N/A (N/A),"32,019","2,136","±1,320","1,495","±1,104",1:00:00,1:26:00
1,686,Badiya,11/11/2016,$19.99,26% (67%),"42,699","2,136","±1,320","1,922","±1,252",1:12:00,1:40:00
1,700,Thorne - Son of Slaves (Ep.2),8/26/2016,$2.99,N/A (N/A),"6,387","2,136","±1,320","1,281","±1,022",2:38:00,3:34:00
1,729,Coffin of Ashes,12/8/2016,$6.99,99% (98%),"14,931","2,136","±1,320","1,709","±1,181",6:35:00,7:56:00
1,821,Sentry Knight Tactics,10/3/2016,$9.99,41% (76%),"21,339","2,136","±1,320","1,281","±1,022",3:24:00,4:34:00
1,877,A Healer Only Lives Twice,6/2/2016,$3.49,N/A (N/A),"7,455","2,136","±1,320","2,136","±1,320",1:48:00,0:22:00
1,967,Onion Force,3/2/2016,$4.99,N/A (N/A),"10,659","2,136","±1,320",641,±723,9:54:00,8:19:00
1,206,Megamagic: Wizards of the Neon Age,4/20/2016,$9.99,N/A (N/A/67%),"19,201","1,922","±1,252","1,281","±1,022",5:00:00,4:43:00
1,671,Shards of Azuria,10/12/2016,$4.99,N/A (N/A),"9,591","1,922","±1,252","1,709","±1,181",1:37:00,1:41:00
1,827,Demented Pixie,12/14/2016,$9.99,N/A (N/A),"19,201","1,922","±1,252","1,495","±1,104",6:38:00,12:31:00
1,1074,Avadon 3: The Warborn,9/14/2016,$19.99,N/A (N/A),"38,421","1,922","±1,252","1,281","±1,022",32:10:00,43:36:00
1,1076,Trulon: The Shadow Engine,3/1/2016,$19.99,N/A (N/A),"38,421","1,922","±1,252",854,±835,1:55:00,2:24:00
1,621,Tapocalypse,12/16/2016,$1.99,52% (81%),"3,680","1,849","±1,477",308,±603,6:46:00,3:23:00
1,777,Guardian Of December,11/30/2016,$9.99,N/A (N/A),"18,472","1,849","±1,477",616,±852,3:31:00,3:27:00
1,1080,Monsters' Den: Book of Dread,7/19/2016,$4.99,N/A (N/A),"9,227","1,849","±1,477","1,541","±1,348",5:58:00,7:26:00
1,721,Empyrean,12/1/2016,$5.99,N/A (N/A),"10,530","1,758","±1,987","1,172","±1,622",6:51:00,13:12:00
1,627,A Midsummer Night's Choice,8/25/2016,$3.99,N/A (N/A),"6,819","1,709","±1,181","1,068",±933,3:13:00,2:46:00
1,679,Don't open the doors!,11/11/2016,$7.99,N/A (N/A),"13,655","1,709","±1,181","1,495","±1,104",2:42:00,3:33:00
1,789,The Tale of a Common Man,9/2/2016,$9.99,N/A (N/A),"17,073","1,709","±1,181",641,±723,2:30:00,1:38:00
1,859,Heroes of the Monkey Tavern,9/22/2016,$5.99,N/A (N/A),"10,237","1,709","±1,181","1,068",±933,12:09:00,19:09:00
1,863,Zombie Exodus: Safe Haven,10/28/2016,$4.99,N/A (N/A),"8,528","1,709","±1,181","1,495","±1,104",7:10:00,10:21:00
1,957,Magic Potion Explorer,3/11/2016,$4.99,N/A (N/A),"8,528","1,709","±1,181","1,495","±1,104",3:00:00,2:58:00
1,986,Herolike,9/28/2016,$7.99,N/A (N/A),"13,655","1,709","±1,181","1,068",±933,2:03:00,3:11:00
1,1028,Diib's Dilemma,5/27/2016,$1.99,N/A (N/A),"3,401","1,709","±1,181","1,068",±933,1:24:00,1:40:00
1,1039,Warden: Melody of the Undergrowth,4/8/2016,$19.99,N/A (N/A),"34,163","1,709","±1,181","1,709","±1,181",1:43:00,1:29:00
1,1058,Soul Thief,4/5/2016,$9.99,N/A (N/A),"17,073","1,709","±1,181","1,709","±1,181",1:24:00,2:00:00
1,1072,D.N.Age,7/29/2016,$4.99,N/A (N/A),"8,528","1,709","±1,181","1,068",±933,4:44:00,5:06:00
1,1083,XO-Planets,4/21/2016,$1.59,N/A (N/A),"2,717","1,709","±1,181","1,281","±1,022",3:06:00,3:31:00
1,1309,Gnomes Vs. Fairies,7/1/2016,$9.99,N/A (N/A),"17,073","1,709","±1,181","1,495","±1,104",1:10:00,1:03:00
1,682,Machinations: Fog of War,8/19/2016,$3.99,N/A (N/A),"6,149","1,541","±1,348","1,541","±1,348",1:10:00,2:18:00
1,1077,Queen At Arms,2/3/2016,$24.99,N/A (N/A),"38,510","1,541","±1,348",925,"±1,044",16:18:00,21:48:00
1,1092,"Axe, Bow & Staff",9/29/2016,$9.99,N/A (N/A),"15,395","1,541","±1,348","1,233","±1,206",1:21:00,1:22:00
1,1111,The Sea Eternal,4/22/2016,$3.99,N/A (N/A),"6,149","1,541","±1,348","1,233","±1,206",2:26:00,3:20:00
1,669,Winged Sakura: Demon Civil War,12/8/2016,$9.99,N/A (N/A),"14,935","1,495","±1,104","1,068",±933,1:54:00,2:29:00
1,689,Battles of Norghan,9/26/2016,$9.99,N/A (N/A),"14,935","1,495","±1,104",214,±417,1:32:00,0:30:00
1,702,Wind Child,3/18/2016,$1.19,N/A (N/A),"1,779","1,495","±1,104",641,±723,12:04:00,10:57:00
1,719,Slayer Shock,9/29/2016,$19.99,N/A (N/A),"29,885","1,495","±1,104","1,281","±1,022",0:53:00,0:56:00
1,785,Blade & Bones,11/30/2016,$14.99,N/A (N/A),"22,410","1,495","±1,104",641,±723,3:04:00,1:54:00
1,790,Mad Nords: Probably an Epic Quest,12/2/2016,$9.99,N/A (N/A),"14,935","1,495","±1,104",641,±723,0:28:00,0:28:00
1,799,Second Death,8/17/2016,$2.99,N/A (N/A),"4,470","1,495","±1,104",0,±0,0:00:00,0:00:00
1,909,The Daring Mermaid Expedition,2/12/2016,$2.99,N/A (N/A),"4,470","1,495","±1,104","1,068",±933,2:47:00,3:01:00
1,949,Aveyond 4: Shadow Of The Mist,2/1/2016,$14.99,N/A (N/A),"22,410","1,495","±1,104",427,±590,13:10:00,8:46:00
1,984,Silver Bullet: Prometheus,4/8/2016,$4.99,N/A (N/A),"7,460","1,495","±1,104",641,±723,0:33:00,0:33:00
1,991,Detective Hunt - Crownston City PD,5/22/2016,$4.99,N/A (N/A),"7,460","1,495","±1,104",641,±723,1:54:00,1:52:00
1,1004,The Sacred Stone: A Story Adventure,1/29/2016,$4.99,N/A (N/A),"7,460","1,495","±1,104",427,±590,0:35:00,0:23:00
1,1010,Witch & Heroï¼ˆé­”å¥³ã¨å‹‡è€…ï¼‰,4/21/2016,$4.99,N/A (N/A),"7,460","1,495","±1,104","1,281","±1,022",1:03:00,2:01:00
1,1066,Revolution : Virtual Playspace,10/5/2016,$19.99,N/A (N/A),"29,885","1,495","±1,104","1,495","±1,104",2:01:00,2:21:00
1,1460,Sunken,5/26/2016,$9.99,N/A (N/A),"14,935","1,495","±1,104","1,068",±933,1:03:00,0:19:00
1,646,Hello Charlotte,11/21/2016,$4.99,N/A (N/A),"6,392","1,281","±1,022",854,±835,8:19:00,9:28:00
1,707,Dungeons & Darkness,9/29/2016,$6.99,N/A (N/A),"8,954","1,281","±1,022","1,068",±933,3:45:00,3:18:00
1,905,BuriedTown,1/22/2016,$6.99,N/A (N/A),"8,954","1,281","±1,022","1,068",±933,3:18:00,3:15:00
1,982,Empty Soul,6/30/2016,$6.99,N/A (N/A),"8,954","1,281","±1,022",641,±723,0:24:00,0:22:00
1,989,Windscape,9/1/2016,$16.99,N/A (N/A),"21,764","1,281","±1,022","1,068",±933,3:29:00,2:51:00
1,1075,I Am Caligula,3/25/2016,$0.99,N/A (N/A),"1,268","1,281","±1,022",854,±835,1:55:00,1:16:00
1,1099,Valcarta: Rise of the Demon,7/8/2016,$6.99,N/A (N/A),"8,954","1,281","±1,022",641,±723,5:16:00,3:46:00
1,1158,Candice DeBÃ©bÃ©'s Incredibly Trick Lifestyle,3/22/2016,$4.99,45% (78%),"6,392","1,281","±1,022",854,±835,1:09:00,1:24:00
1,755,Boyar,12/14/2016,$0.99,N/A (N/A),"1,221","1,233","±1,206",308,±603,0:16:00,0:08:00
1,757,Warfleet,11/7/2016,$9.99,N/A (N/A),"12,318","1,233","±1,206",616,±852,9:58:00,9:45:00
1,829,Fresh Body,11/15/2016,$4.99,56% (83%),"6,153","1,233","±1,206",925,"±1,044",0:27:00,0:34:00
1,868,God of Word,9/28/2016,$4.99,N/A (N/A),"6,153","1,233","±1,206",616,±852,0:30:00,0:21:00
1,979,Dungeon Punks,8/24/2016,$14.99,N/A (N/A),"18,483","1,233","±1,206",308,±603,0:15:00,0:07:00
1,963,The HinterLands,5/27/2016,$2.99,N/A (N/A),"3,504","1,172","±1,622",0,±0,0:00:00,0:00:00
1,1012,"My Tower, My Home",3/15/2016,$6.99,N/A (N/A),"8,192","1,172","±1,622","1,172","±1,622",3:38:00,3:38:00
1,1355,Acaratus,2/25/2016,$24.99,N/A (N/A),"29,288","1,172","±1,622","1,172","±1,622",0:41:00,1:04:00
1,619,Spellgear,8/19/2016,$19.99,N/A (N/A),"21,349","1,068",±933,427,±590,1:37:00,0:47:00
1,718,Squareface,9/11/2016,$8.99,N/A (N/A),"9,601","1,068",±933,427,±590,4:05:00,2:43:00
1,722,Saga of the North Wind,11/17/2016,$4.99,N/A (N/A),"5,329","1,068",±933,"1,068",±933,7:50:00,9:04:00
1,865,MAGATAMA Earrings,6/14/2016,$6.99,N/A (N/A),"7,465","1,068",±933,427,±590,1:31:00,1:00:00
1,1019,Sector Six,5/1/2016,$9.99,N/A (N/A),"10,669","1,068",±933,641,±723,6:05:00,4:30:00
1,1040,Path to the Sky,2/2/2016,$9.99,N/A (N/A),"10,669","1,068",±933,854,±835,2:32:00,1:52:00
1,1088,Crudelis,1/20/2016,$5.99,N/A (N/A),"6,397","1,068",±933,427,±590,0:57:00,0:35:00
1,748,Cannonfire Concerto,12/8/2016,$3.99,N/A (N/A),"3,691",925,"±1,044",925,"±1,044",3:20:00,4:42:00
1,819,Kite,11/11/2016,$9.99,N/A (N/A),"9,241",925,"±1,044",308,±603,1:29:00,0:44:00
1,873,Divergence: Online,1/6/2016,$19.99,26% (67%),"18,491",925,"±1,044",616,±852,121:14:00,119:37:00
1,904,Shepherds of the Abyss,11/18/2016,$9.99,N/A (N/A),"9,241",925,"±1,044",616,±852,0:49:00,0:48:00
1,1045,A Princess' Tale,5/20/2016,$3.99,N/A (N/A),"3,691",925,"±1,044",308,±603,0:34:00,0:17:00
1,1063,Wondership Q,7/18/2016,$9.99,N/A (N/A),"9,241",925,"±1,044",308,±603,0:01:00,0:00:00
1,1136,Venture Forth,7/1/2016,$9.99,N/A (N/A),"9,241",925,"±1,044",0,±0,0:00:00,0:00:00
1,657,Iron Fish,10/25/2016,$19.99,N/A (N/A),"17,071",854,±835,427,±590,0:32:00,0:21:00
1,731,Even the Ocean,11/16/2016,$14.99,N/A (N/A),"12,801",854,±835,854,±835,5:05:00,4:54:00
1,762,VR Escape Room: Alcatraz,12/27/2016,$5.99,N/A (N/A),"5,115",854,±835,641,±723,0:21:00,0:17:00
1,770,Project Abyss,11/18/2016,$6.99,N/A (N/A),"5,969",854,±835,854,±835,1:25:00,1:45:00
1,838,Congresswolf,10/28/2016,$3.99,N/A (N/A),"3,407",854,±835,854,±835,1:22:00,1:40:00
1,901,Mars 2030,3/11/2016,$4.99,N/A (N/A),"4,261",854,±835,641,±723,1:51:00,1:50:00
1,912,Break Through: Artificial Maze,7/12/2016,$0.99,N/A (N/A),845,854,±835,641,±723,2:13:00,2:12:00
1,1082,EPΘCH,5/17/2016,$14.99,N/A (N/A),"12,801",854,±835,854,±835,3:03:00,3:48:00
1,1094,The Orphan Dreams,4/27/2016,$4.99,N/A (N/A),"4,261",854,±835,0,±0,0:00:00,0:00:00
1,1121,The Inner Sea,3/30/2016,$11.99,N/A (N/A),"10,239",854,±835,854,±835,1:22:00,1:43:00
1,695,Soda Girls,11/7/2016,$8.99,73% (89%),"5,763",641,±723,641,±723,2:38:00,2:37:00
1,786,507研究所,11/30/2016,$3.99,N/A (N/A),"2,558",641,±723,214,±417,0:20:00,0:06:00
1,820,Dark Quest 2,11/7/2016,$11.99,N/A (N/A),"7,686",641,±723,641,±723,0:55:00,0:55:00
1,882,Kim,10/24/2016,$14.99,N/A (N/A),"9,609",641,±723,641,±723,3:06:00,3:06:00
1,915,Best of Us,4/22/2016,$3.99,N/A (N/A),"2,558",641,±723,427,±590,1:16:00,0:50:00
1,1027,Push For Emor,10/24/2016,$12.99,N/A (N/A),"8,327",641,±723,427,±590,0:45:00,0:30:00
1,1118,Four Realms,10/24/2016,$11.99,N/A (N/A),"7,686",641,±723,427,±590,0:23:00,0:15:00
1,617,Loot or Die,9/13/2016,$1.99,N/A (N/A),"1,226",616,±852,616,±852,3:24:00,3:23:00
1,640,RuneSage,10/25/2016,$9.99,N/A (N/A),"6,154",616,±852,616,±852,1:09:00,1:09:00
1,651,Mankind Defender,12/22/2016,$4.99,N/A (N/A),"3,074",616,±852,0,±0,0:00:00,0:00:00
1,708,Lifestream - A Haunting Text Adventure,9/19/2016,$2.99,N/A (N/A),"1,842",616,±852,0,±0,0:00:00,0:00:00
1,732,Spellbound,9/5/2016,$19.99,N/A (N/A),"12,314",616,±852,308,±603,7:43:00,3:51:00
1,806,Blood Ties,10/21/2016,$1.99,N/A (N/A),"1,226",616,±852,0,±0,0:00:00,0:00:00
1,1036,Dual Core,5/26/2016,$9.99,N/A (N/A),"6,154",616,±852,616,±852,3:24:00,3:24:00
1,1042,Unexplored,8/10/2016,$9.99,N/A (N/A),"6,154",616,±852,616,±852,10:09:00,10:08:00
1,1062,"Max, an Autistic Journey",8/19/2016,$5.99,N/A (N/A),"3,690",616,±852,0,±0,0:00:00,0:00:00
1,1431,Blackfaun,10/26/2016,$14.99,N/A (N/A),"9,234",616,±852,0,±0,0:00:00,0:00:00
1,287,Heroes of Issachar,11/3/2016,$19.99,N/A (N/A),"11,714",586,"±1,147",586,"±1,147",1:23:00,1:23:00
1,778,Ghostlords,11/18/2016,$9.99,N/A (N/A),"5,854",586,"±1,147",586,"±1,147",1:16:00,1:16:00
1,850,PANIC at Multiverse High!,8/17/2016,$9.99,N/A (N/A),"5,854",586,"±1,147",586,"±1,147",6:22:00,6:22:00
1,1052,Rage of the Battlemage,7/22/2016,$3.99,N/A (N/A),"2,338",586,"±1,147",0,±0,0:00:00,0:00:00
1,1141,VALENS,2/18/2016,$7.99,N/A (N/A),"4,682",586,"±1,147",586,"±1,147",0:03:00,0:03:00
1,1322,Dragonpath,7/6/2016,$7.99,N/A (N/A),"4,682",586,"±1,147",586,"±1,147",11:08:00,11:08:00
